Headline,Content,Date
युवक के सिर में धंसी थी गोली गिट्टी बताकर बांधी पट्टी,सिर गोली लगी अस्पताल कंपाउंडर कहकर मरहम पट्टी सिर गिट्टी धंसी सुनने पढ़ने हैरतअंगेज लगेगा ऐसा मामला रामनगर सामने आया जानकारी मुताबिक चंदौली चकिया निवासी संतोष यादव दिसंबर रात लोगों सिर गोली मारकर साहूपुरी इलाके फेक ग्रामीणों अलीनगर पुलिस फोन पुलिस घायल संतोष अलीनगर राजकीय महिला अस्पताल पहुंचाया समय सिर्फ कंपाउंडर घायल देखकर सिर गिट्टी धंस दवा पट्टी बांध बीच संतोष हालत खराब लगी बीएचयू ट्रॉमा सेंटर जाया सीटी स्कैन पता चला सिर गोली धंसी सुनते परिवार सन्न संतोष पत्नी गीता यादव रामनगर थाने तहरीर देकर कार्रवाई मांग गीता मुताबिक संतोष मौजूदा समय साहित्यनाका रहता जमालपुर बच्चों पढ़ाने कोचिंग खोली दिसम्बर रात आठ बजे कोचिंग बंद लौट तभी चारपहिया वाहन सवारों उठा घटना उधर संतोष ट्रॉमा सेंटर जनवरी इलाज चला डिस्चार्ज संतोष जमीन विवाद चलते गोली मारी घटना तीन थानों चक्करसंतोष पत्नी गीता न्याय तीन थानों चक्कर काटना पड़ बीएचयू ट्रामा सेंटर भर्ती दौरान गीता लंका थाने तहरीर लंका पुलिस घटनास्थल अलीनगर थाना अलीनगर थाने पुलिस रामनगर मामला रामनगर पुलिस घटना इनकार,2021-01-16
पीएम मोदी ने पहचाना अपनी काशी का मंदिर ,प्रधानमंत्री नरेन् द्र मोदी काशी हृदय बसती शहर वक् त चिंता सच भारत प्रधानमंत्री पद रहते सांसद रूप संसदीय क्षेत्र जुड़ी छोटीबड़ी गतिविधि नज़र रखते जबकि दिनचर्या एकएक पल व् यस् त रहता प्रमाण शुक्रवार ट् विटर संस् लॉस् ट टैंपल काशी प्राचीन मंदिर फोटो लगाई सवाल पूछाक् महान शहर मंदिर ट्वीट संस् संकेत रूप भारतीय संस् कृति सभ् यता महान चितेरे मार्क ट्वेन सुप्रसिद्ध वाक् यांश लगाया हैइतिहास प्राचीन परंपराओं प्राचीन किंवदंतियों प्राचीन प्राचीनताओं संजो रखता — ट्वीट शुक्रवार दोपहर बजे आसपास महज चार घंटे प्रधानमंत्री रीट्वीट जवाब दियाजरूर पहचान हूं काशी रत् नेश् वर महादेव मंदिर पूर्ण सौंदर्य जवाब प्रमाणिकता मोदी रीट्वीट सन् देवदीपावली महोत् सव फोटो संलग् फोटो वर्ष तीन नवंबर देवदीपावली महोत् सव दौरान असंख् य दीपों प्रकाश रत् नेश् वर महादेव मंदिर आलोकित दिख सूक्ष्म जानकारी दंग संस्था पीएम जवाब भेजा है‘थैंक्स’ रत्नेश्वर महादेव मंदिर संबंध ट्वीटर चला सवालजवाब रात बजे दस हजार अधिक शेयर चुका जबकि हजार अधिक रीट्वीट क्या लॉस्ट टैंपल‘लॉस्ट टैंपल’ भारत प्राचीन मंदिरों धरोहरों खोज संरक्षण सक्रिय संस्था इसने प्राचीन जर्जर चुके स्थापत्य ऐतिहासिकता दृष्टि महत्वपूर्ण मंदिरों देश ध्यान आकृष्ट दक्षिण भारत भूमिका विशेष चर्चा,2021-01-16
उजागर किया काली कमाई वाले अधिकारी का नाम,वाराणसी वरिष्ठ संवाददातापरिवहन विभाग चार कर्मचारियों आय अधिक संपत्ति रखने मामले एंटी करप्शन विभाग जांच कर्मचारियों पत्र भेजकर बयान दर्ज पुलिस लाइन स्थित एंटी करप्शन कार्यालय बुलाया सूत्रों मिली अुनसार लिपिक बयान दर्ज लिपिक विभाग अधिकारियों नाम बताए जिनके इशारे काली कमाई एंटी करप्शन टीम लिपिक सरकारी गवाह बनाने जुटी मामले जांच एंटी करप्शन विभाग इंस्पेक्टर उपेंद्र यादव बयान दर्ज पत्र भेजकर बुलाया चारों कर्मचारियों वाराणसी बाबतपुर परिवहन विभाग कार्यरत दूसरा मुख्यालय संबद्ध मऊ पोस्टिंग वाराणसी ट्रांसपोर्ट मालिक वर्ष पूर्व चारों कर्मचारियों शिकायत शासन गोपनीय जांच शिकायत सही पाये एंटी करप्शन विभाग एडीजी लकी अहमद खुली जांच आदेश,2021-01-16
स्टार्टअप फंडिंग के लिए आईआईटी को 50 लाख,स्टार्टअप फंडिंग आईआईटी बीएचयू मिलेंगे लाखवाराणसी प्रमुख संवाददाताएचडीएफसी बैंक आईआईटी बीएचयू आईडीएपीटीहब फाउंडेशन तहत स्टार्टअप्स फंडिंग परामर्श कार्यक्रम इनक्यूबेट अगले साल लाख रुपये देगा संबंध आईआईटी बीएचयू एचडीएफसी बैंक बीच शुक्रवार एमओयू हस्ताक्षर किए जिसपर आईआईटी निदेशक प्रो प्रमोद कुमार जैन एचडीएफसी सर्किल हेड मनीष टंडन हस्ताक्षर किये प्रो जैन आईडीएपीटीहब फाउंडेशन विज्ञान प्रौद्योगिकी विभाग डीएसटी राष्ट्रीय मिशन कार्यक्रम तहत सेक्शन कंपनी कंपनी उद्देश्य व्यावसायिक सामाजिक प्रभाव उत्पन्न वैज्ञानिक तकनीकी ज्ञान पूंजी उभरने विचार नवाचारों प्रेरितपोषित देश आर्थिक विकास सामाजिक कल्याण योगदान बाजार तत्परता प्रौद्योगिकी निर्माण आवश्यक बुनियादी ढांचा तैयार मौजूदा उपक्रमों अपनाने स्टार्टअप उपक्रमों निर्माण शिक्षा उद्योग वित्तीय संस्थानों बीच नेटवर्क स्थापित एचडीएफसी बैंक कॉर्पोरेट सोशल रिस्पांसिबिलिटी सीएसआर तहत स्टार्टअप इनक्यूबेटर फंडिंग कार्यक्रमों समर्थन एमओयू आईडीएपीटीहब फाउंडेशन उद्देश्य बढ़ाने मदद करेगा आईडीएपीटीहब फाउंडेशन प्रशासनिक कौशल विकास प्रशिक्षण कार्यक्रम खर्चों अनुदान राशि उपयोग करेगा पूल एचडीएफसी बैंक आईडीएपीटीहब फाउंडेशन चुने स्टार्टअप्स शामिल होंगे एमओयू हस्ताक्षर अवसर अनुसंधान विकास संकाय डीन प्रो राजीव प्रकाश संकाय मामलों अधिष्ठाता प्रो राजेश त्यागी एचडीएफसी बैंक अधिकारी उपस्थित,2021-01-16
यूपी बोर्ड  कोर्स पूरा करने को अतिरिक्त कक्षाएं,वाराणसी वरिष्ठ संवाददातायूपी बोर्ड स्कूलों परीक्षा तैयारी डेटलाइन तय फरवरी वीं वीं कोर्स लेना फरवरी अंत प्रीबोर्ड परीक्षा लेनी कोर्स स्कूलों रणनीति बना ली अतिरिक्त कक्षाएं चला हाल फरवरी कोर्स करवा देंगे लॉकडा‌उन विपरीत परिस्थितियों कारण विषयों हिस्सा बच ज्यादातर प्रधानाचार्यों विषय अध्यापकों निर्देश विद्यालयों पास औसतन बीस दिन समय बचा अवधि हाल कोर्स कराना शिक्षकों स्कूलों समय दस तीन बजे किए कोर्स आसानी छात्रों संख्या कक्षाओं बढ़ने लगी क्वींस कालेज प्रधानाचार्य डॉ राजेश यादव अधिकांश विषयों फीसदी कोर्स बचे समय कोर्स लक्ष्य जरूरत पड़ी अतिरिक्त कक्षाएं ली जाएंगी प्रीबोर्ड परीक्षार्थियों प्रदर्शन रिवीजन दिन कक्षाएं चलाने जरूरत पड़ सकती डीआईओस डॉ वीपी सिंह साल तीस फीसदी कोर्स कम दिए सबको संशोधित पाठ्यक्रम विवरणिका भेज इसलिए बचे समय कोर्स समस्या आनी प्रीबोर्ड ए्गाज स्कूलों अनिवार्य रुप कराना ताकि परीक्षार्थी क्षमता आकलन सके अगर विद्यार्थी विषय कमजोर शिक्षक जिम्मेदारी अतिरिक्त कक्षा परेशानी दूर,2021-01-16
20 यात्री मिले बेटिकट,वाराणसी रोडवज बसों बेटिकट यात्रियों पकड़े सिलसिला जारी गुरुवार रात वाराणसीप्रयागराज मार्ग जनरथ बस संख्या यूपी एन चेकिंग दौरान यात्री बेटिकट पकड़े चेकिंग प्रर्वतन दल परिचालक चालक खिलाफ रुपये जुर्माना लगाया दल दोनों कर्मचारियों खिलाफ विभागीय जांच आरएम रिपोर्ट भेजी बस यात्री सवार,2021-01-16
बीएचयू में रैश बाइकिंग की तो खैर नहीं,चेतावनी बीएचयू रैश बाइकिंग खैर नहींवाराणसी प्रमुख संवाददाताबीएचयू परिसर सुबहसुबह हवाखोरी वाहनों रोक लगा रैश बइकिंग खिलाफ कार्रवाई तैयारी ऐसा खिलाफ कार्रवाई जिला प्रशासन जिला परिवहन अधिकारी समन्वय स्थापित निर्णय शुक्रवार बीएचयू चीफ प्रॉक्टर प्रो आनंद चौधरी अध्यक्षता प्रॉक्टोरियल बोर्ड बैठक प्रो चौधरी सेहत बीएचयू टहलने आने वाहनों आते वाहनों निकलने धुएं परिसर पर्यावरण दूषित बेहतर हवाखोरी पैदल परिसर आएं बोर्ड निश्चय अपील पालन दशा परिसर पर्यावरण संरक्षण हेतु विधिक उपायों विकल्पों विचार परिसर खेल मैदानों बाहरी तत्वों दुरुपयोग किए बीएचयू प्रशासन सख्ती बरतने मूड लोगों नजर रखने टीम गठन अशोभनीय कृत्य पकड़े सीधे पुलिस सौंप बीएचयू छात्रों सलाह खेल मैदानों उपयोग समय परिचय पत्र परिसर स्थित बिड़ला विश्वनाथ मंदिर बाहर भिक्षा मांगने तत्काल प्रभाव बाहर बैठक प्रो एसपी सिंह प्रो अरविन् द मिश्रा प्रो टीपी सिंह प्रो निर्मला होरो प्रो आरएन चौरसिया प्रो एसके भारतीय डॉ लालता प्रसाद डॉ आभा मिश्रा पाठक डॉ रंजित प्रताप सिंह प्रो अंजलि रानी मौजूद रहीं,2021-01-16
स्मार्ट शहरों में बनारस अव्वल भोपालसूरत को पछाड़ा,वाराणसी कार्यालय संवाददातादेश स्मार्ट शहरों बनारस अव्वल आया शुक्रवार शहरी विकास मंत्रालय जारी रैंकिंग पहला स्थान हासिल बनारस भोपाल सूरत अहमदाबाद शहरों पीछे छोड़ स्मार्ट सिटी रैंकिंग साल बनारस वें स्थान अंक हासिल स्मार्ट सिटी तहत शहर प्रोजेक्ट प्रगति इनपर खर्च वाली राशि पूरे कार्यों आधार रैंकिंग जारी बनारस अंक हासिल रैकिंग भोपाल सूरत तीसरे अहमदाबाद चौथे स्थान जनवरी बनारस रैंकिंग अगस्त सात पायदान चढ़कर सातवें स्थान दर्ज स्मार्ट सिटी योजना करोड़ रुपये प्रोजेक्ट काम करोड़ रुपये प्रोजेक्ट पूरे चुके करोड़ रुपये तीन प्रोजेक्ट टेंडर निकाला बुनियादी सुविधाओं सुरक्षा कार्यस्मार्ट सिटी तहत शहर बुनियादी सुविधाओं सुरक्षा लिहाज प्रोजेक्ट काम शहर जगहों अत्याधुनिक सीसीटीवी कैमरे लगाए वार्डों पायलट प्रोजेक्ट तहत चुना पेयजल सीवर नई पाइप लाइन बिछाने चौका पत्थर बिछाने काम नगर आयुक्त गौरांग राठी बनारस स्मार्ट सिटी रैकिंग पहला स्थान मिलने कार्य जुटे लोगों प्रोत्साहन रैंकिंग बनाए रखने काम,2021-01-16
अधीक्षण अभियंता कार्यालय पर की नारेबाजी,वाराणसी वरिष्ठ संवाददाताउपकेंद्र परिचालक एसएसओ निलंबित किए आक्रोशित विद्युत मजदूर संघ पदाधिकारियों शुक्रवार अधीक्षण अभियंताद्वितीय कार्यालय नारेबाजी एसएसओ निलंबन वापस लेने तथा एक्सईएन निलंबित मांग अधीक्षण अभियंता कार्यालय संघ प्रतिनिधिमंडल मुख्य अभियंता एमके अग्रवाल मुलाकात मुख्य अभियंता मामले जांच आश्वासन उधर एसएसओ गुरुवार एजीआरएस खिलाफ शिकायत दर्ज ली संबंधित अधिकारी जांच जुट बात दिसंबर कज्जाकपुरा स्थित बिजली कंट्रोल रूम आलमारी बाहर निकालने अधिशासी अभियंताअष्टम अरविंद यादव एसएसओ मोहम्मद आजाद बीच हाथापाई एसएसओ अधिशासी अभियंता बंदूक तानने आरोप लगाया अधिशासी अभियंता दिन एसएसओ निलंबित कोटविद्युत मजदूर संघ ज्ञापन मामले दोनों पक्षों बातचीत संतुष्ट जांच आदेश दीपक अग्रवाल अधीक्षण अभियंता,2021-01-16
धनसंग्रह अभियान  बाबा को चढ़ाई पहली रसीद शुरुआत महापौर के घर से,वाराणसी कार्यालय संवाददाताअयोध्या राम मंदिर निर्माण समर्पण निधि संग्रह शुक्रवार विहिप पदाधिकारियों सुबह काशी विश्वनाथ कालभैरव मंदिर दर्शनपूजन दोनों मंदिरों रसीद प्रतियां अर्पित अभियान सफलता आशीर्वाद मांगा महापौर मृदुला जायसवाल लाख हजार रुपये सहयोग राशि काशी निधि संग्रह शुरूआत आरएसएस राष्ट्रीय कार्यकारिणी सदस्य अजीत महापात्रा महापौर सिगराछित्तूपुर अंबालिकापुरी स्थित आवास चेक रूप समर्पण राशि स्वीकार महापौर सास सावित्री देवी चेक भेंट उल्लेखनीय महापौर मृदुला जायसवाल काशी पूर्व सांसद स्व शंकरप्रसाद जायसवाल पुत्रवधू अजीत महापात्रा अभियान घरघर जाकर समर्पण निधि सहयोग निवेदन दौरान उत्तर जिला संघचालक वीरेंद्र गुप्त रचना अग्रवाल अमित राधाकृष्ण जायसवाल विहिप पदाधिकारी कन्हैया सिंह समेत स्वयंसेवकों काशी विश्वनाथ मंदिर कैलभैरव मंदिर दर्शनपूजन रसीद चढ़ाई राम मंदिर संग्रहीत समर्पण निधि अधिकतम घंटे बैंकों जमा उत्तर दक्षिणी जिला जमाकर्ताओं जिम्मेदारी सौंपी उत्तर जिला अभियान प्रमुख राजन तिवारी नगर स्तर जमाकर्ताओं तय समय राशि बैंकों जमा जिम्मेदारी बैंकों कार्यदिवस दौरान संग्रहीत राशि जमा करनी मेरे सौभाग्य बात महापौरमहापौर हमारा सौभाग्य अभियान शुरूआत अवसर मेरे ससुर शंकरप्रसाद जायसवाल राम मंदिर आंदोलन बढ़चढ़कर हिस्सा जेल रघुनाथ सेवा न्यास राम मंदिर समर्पण निधि,2021-01-16
थाने पर पोस्टिंग कराने का वीडियो वायरल,थाने पोस्टिंग ऑडियो वायरल हड़कंपवाराणसी कार्यालय संवाददातासोशल मीडिया शुक्रवार रात वायरल मिनट ऑडियो क्लिप पुलिस महकमे हड़कंप मचा लोगों बातचीत सिपाही एसआई थाना दिलाने बात बातचीत खुद पैरवीकार पुलिस लाइन तैनात दुबे सिपाही चोलापुर थाना दिलाने एसएसपी बंगले मिलकर पैरवी बात कथित पैरवीकार दूसरा व्यक्ति दुबे चोलापुर थाने तैनाती दिलाने बात कह कथित पैरवीकार सुबह बजे फोन कप्तान समय शाम सात बजे बंगले दौरान एसएसपी पीआरओ मिले जिनसे उक्त बात बताई बातचीत क्रम दुबे पोस्टिंग रुपये मांग हालांकि दूसरा व्यक्ति रुपये काम इस्तेमाल बात कह चुनाव दौरान सिपाही इस्तेमाल सिपाही दोतीन फर्जी मुकदमे लिखवा लेने बात क्रम एसआई तैनाती लाख रुपये तय बात कथित पैरवीकार कह कह दुबे उक्त एसआई काम कराएगा बातचीत बड़ागांव तैनात एसआई पांच लाख रुपये तैनाती जिक्र एसएसपी अमित पाठक बाहरी लोगों बातचीत बारे वक्तव्य देने इनकार पावरफुल दुबेबातचीत उक्त सिपाही नाम कथित रूप पैरवी दूसरा व्यक्ति कह केवल दुबे थाना दिलवा जाए काम दूबे ब्रह्मा लेख दुबे थाना दिला पाने क्षोभबातचीत दूसरा व्यक्ति डीएम नाम कह डीएम जरिये सिफारिश दूबे तैनाती केवल अगली लिस्ट बात कथित रूप पैरवी कह सूची जारी बार एसएसपी बात लेगा,2021-01-16
केवड़िया के लिए महामना एक्सप्रेस को ही विस्तार,वाराणसी काशी केवड़िया बीच चलने वाली नई ट्रेन महामना एक्सप्रेस ट्रेन वर्तमान वडोदरा महामना एक्सप्रेस नाम नंबर चलाई केवल ट्रेन एलएचबी कोच लैस केवड़िया विस्तार सप्ताह दिन चलाई केवड़िया चलने वाली महामना एक्सप्रेस वर्तमान वडोदरा चलने समय वाराणसी जंक्शन छूटेगी केवल वडोदरा समय विस्तार रहेगा प्रधानमंत्री नरेंद्र मोदी जनवरी वर्चुअल उद्घाटन उद्घाटन समारोह तैयारियों शुक्रवार लखनऊ मंडल डीआरएम संजय त्रिपाठी वाराणसी सुबह बजे छूटेगी लोकार्पित ट्रेनरविवार ट्रेन नंबर गाड़ी लोकार्पित वाराणसी कैंट सुबह बजे प्लेटफॉर्म नंबर छूटेगी अगले दिन ट्रेन केवड़िया पहुंचेगी नई ट्रेन दभोई स्टेशन पारकर केवड़िया किमी दूरी पौने घंटे पूरीट्रेन काशी केवड़िया बीच किमी दूरी तय करेगी दूरी किमी प्रति घंटे औसत चाल घंटे ट्रेन लेगी,2021-01-16
"प्राइमरी के अनुभवी शिक्षक बने छात्र
",वाराणसी वरिष्ठ संवाददाताबेसिक शिक्षा परिषषद स्कूलों नए सत्र एनसीईआरटी पाठ्यक्रम लागू तैयारी तेज पाठ्यक्रम अनुसार किताबें लागू शिक्षकों प्रशिक्षण शुक्रवार ताकि पढ़ाने बच्चों समझने दिक्कत खास शासन गाइड लाइन मुताबिक कक्षा पढ़ाने विद्यालय अनुभवी योग्य शिक्षक प्रशिक्षित ट्रेनिंग मार्च चलेगी ग्रुप प्रशिक्षणब्लाक स्तर शिक्षकों मास्टर ट्रेनर प्रशिक्षित वाराणसी स्थित राज्य हिन्दी संस्थान हिन्दी किताब ‘रिमझिम पढ़ाने मास्टर ट्रेनर तैयार ब्लाक स्तर फेस टु फेस मोड शिक्षक प्रशिक्षित होंगे शिक्षकों प्रशिक्षण माड्यूल एनसीईआरटी पुस्तकों सेट निगरानीट्रेनिंग निगरानी जिम्मेदारी डायट प्राचार्य बीएसए बीईओ डायट प्राचार्य नामित संकाय सदस्य प्रशिक्षण वीडियो रिकार्डिंग विभिन्न सत्रों चलने वाली ट्रेनिंग शिक्षकों उपस्थिति अनिवार्य प्रशिक्षण अलग माड्यूलराज्य हिन्दी संस्थान निदेशक ऋचा जोशी प्रदेशभर चयनित शिक्षकों मास्टर ट्रेनर रूप ऑनलाइन प्रशिक्षण एमएस टीम एप अलावा संस्थान बाह्य विशेषज्ञों मदद ली प्रशिक्षण अलग माड्यूल तैयार किताब आवरण पृष्ठ पाठों चित्रों अभ्यासों बारे मास्टर ट्रेनरों प्रशिक्षित,2021-01-16
शायर मेयार सनेही फानी जहां से हुए रुखसत,वाराणसी प्रमुख संवाददाता‘जिंदगी मौत इनमें मंजिल दोनों रास्ते आनेजाने नायाब शेरों जरएि बेबाकी बात रखने बनारस मशहूर शायर मेयार सनेही फानी शुक्रवार दोपहर रुखसत वर्ष उम्र हरहुआ स्थित निजी अस्पताल अंतिम सांस ली हरहुआ बेटी रहते मेयार सनेही दिनों बीमार शुक्रवार सुबह तबीयत अधिक खराब बेटी दामाद अस्पताल दोपहर तीन बजे हृदय गति रुकने निधन जनवरी सुपुर्दे खाक निधन शोक व्यक्त रंगकर्मी शायर सलीम राजा बनारस फकीर मिजाज शायर मेयार साहब बेहद सादगी पसंद इंसान तमाम एतराज अंदाज़ जीते सेतु सांस्कृतिक केंद्र समन्वयक प्रतिमा सिन्हा वर्ष नागरी नाटक मंडली आलमी मुशायरे ‘जश्ने इशरत राहत इंदौरी शायर रहते ‘न आला अदना हिंदू मुस्लिममोहब्बत बस मोहब्बत मतलब शेरों बदौलत महफिल लूट ली शायर अतीक अंसारी जीवित रहते सही मूल्यांकन सका अदब दुनिया ग़ज़लें पढ़ेंगी याद करेंगी होंगे निधन सेतु सांस्कृतिक केंद्र शोक सभा,2021-01-16
शीतलहरी ने खूब कंपकपाया तापमान से कम,शीतलहर खूब कंपकपाया तापमान सामान्य कमवाराणसी वरिष्ठ संवाददाताशुक्रवार कड़ाके ठंड शीतलहरी लोगों परेशान मौसम विभाग अधिकृत रूप वाराणसी शीतलहर घोषणा मौसम विज्ञान अनुसार सामान्य पांच डिग्री सेल्सियस तापमान कम शीतलहरी स्थिति मान ली जाती वाराणसी समय ऐसी स्थिति अधिकतम तापमान न्यूनतम तापमान डिग्री सेल्सियस रिकॉर्ड अधिकतम तापमान सामान्य पांच न्यूनतम डिग्री सेल्सियस कम वातावरण नमी फीसदी उत्तरपश्चिम सर्द हवा गुरुवार तुलना तापमान थोड़ी वृद्धि उससे राहत मिली सुबह दस बजे कोहरा धूप तेजी सर्द हवा तीखी महसूस मौसम विभाग पूर्वानुमान अनुसार कम कम दिनों शीतलहरी स्थिति अधिकतम तापमान न्यूनतम डिग्री सेल्सियस आसपास रहेगा कोहरा छुटकारा मिलेगा मौसम वेबसाइट स्काईमेट अनुसार जनवरी कोहरा छाए आशंका प्रदेश जिलों पाला पड़ जनवरी दिन रात तापमान वृद्धि सकती जिससे कड़ाके सर्दी राहत सकती,2021-01-16
100 बड़े टूर ऑपरेटरों को घुमाएंगे नए स्थलों पर ,वाराणसी कार्यालय संवाददातागंगा नौका विहार घाट आरती सारनाथ बौद्ध स्थल लंबे समय बनारस प्रमुख पर्यटक स्थल देशीविदेशी पर्यटकों काशी नए पर्यटन स्थलों जोड़ने कवायद पर्यटन उद्यमियों देश बड़े टूर ऑपरेटरों बनारस नए पर्यटन स्थलों रूबरू योजना बनाई पर्यटन उद्यमी दिल्ली कोलकाता हैदराबाद मुंबई प्रिंसिपल एजेंटों शिवरात्रि काशी न्योता देंगे तीन दिनों विभिन्न स्थलों सैर कराएंगे प्रिंसिपल एजेंट देशविदेश पर्यटकों भारत टूर प्रोग्राम तय देश विभिन्न हिस्सों टूर पैकेज स्थलों शामिल कराते कार्ययोजना अनुसार पर्यटकों दिन टूर प्रोग्राम बढ़ाने योजना इससे पर्यटक तीन दिन पेकेज लेते तीन चार दिन पैकेज मुहैया कराना टूरिज्म वेलफेयर एसोसिएशन अध्यक्ष राहुल मेहता उपाध्यक्ष अभिषेक सिंह पर्यटन बढ़ावा देने यूपी टूरिज्म सहयोग नई कार्ययोजना बनाई इससे आने समय पर्यटक मुकाबले ज्यादा समय काशी ठहरेंगे जिसका सीधा लाभ पर्यटन उद्योग मिलेगा काशी विश्वनाथ कॉरिडोर क्रूज आकर्षणनये पर्यटन स्थलों क्रूज करीब घंटे भ्रमण शामिल राजघाट ललिता घाट क्रूज पर्यटकों जाकर काशी विश्वनाथ कॉरिडोर दिखाना शामिल अलावा दीनदयाल हस्तकला संकुल क्राफ्ट म्यूजियम शूलटंकेश्वर मंदिर कैथी महादेव मंदिर भ्रमण शामिल मानमहल वेधशाला नए पर्यटन स्थलों खास जगह अलावा सारनाथ लाइट एंड साउंड शो शामिल,2021-01-16
मुर्गों को दे रहे बीकॉम्लेक्स और मल्टी विटामिन,मुर्गों इम्यूनिटी बढ़ाने मल्टी विटामिनवाराणसी कार्यालय संवाददाताबर्ड फ्लू आशंका पोल्ट्री फार्म संचालकों कारोबार लगातार कम पोल्ट्री फार्म संचालक मुर्गों संक्रमण बचाने इम्यूनिटी बढ़ाने दवा मनुष्यों बीकॉम्लेक्स मल्टीविटामिन फर्क बस इतना मनुष्य टैबलेट जाती मुर्गों लिक्विड फार्म जिले पोल्ट्री फार्म प्रति दिन करोड़ो कारोबार कोरोना काल दौरान संचालकों काफी नुकसान बर्ड फ्लू संदेह बार कारोबार संकट खड़ा पोल्ट्री फार्म संचालक रोज पोल्ट्री फार्म सेनेटाइजेशन चूने छिड़काव पूर्वांचल पोल्ट्री फार्म समिति अध्यक्ष अजय खरे हम मुर्गे इम्यूनिटी बढ़ाने दवा जिससे संक्रमण बचाया सके मुर्गों मल्टीविटामिन बीकॉम्प्लेक्स लीवर टॉनिक कैल्सियम सहित दवाएं जाती दवा पानी घोल जाती हम लोगों कोशिश बाहरी पक्षी इनके संपर्क आएं पोल्ट्री फार्म मुर्गों दाना हाथ सेनेटाइज करके जाता,2021-01-16
संक्षेप,बिजली पोल गिरे लाइनमैन हालत स्थिरपिंडरा गजोखर कर्मचारियों अधिकारियों लापरवाही चलते गुरुवार पोल लाइनमैन गिर गुरुवार शटडाउन संविदाकर्मी लाइनमैन हरिशंकर प्रजापति हीरामनपुर बाजार पोल चढ़कर बिजली ठीक बीच करंट आने पोल गिर पड़ा लाइनमैन पोल गिरने हड़कंप मच ग्रामीणों निजी अस्पताल भर्ती हालत स्थिर एसडीओ राहुल सिंह मामले जांच,2021-01-16
34 हजार नए वोटर जुड़े,वाराणसी कार्यालय संवाददाताविधानसभा निर्वाचन क्षेत्र मतदाता सूची शुक्रवार अंतिम प्रकाशन अनुसार हजार नए मतदाता जुड़े उनमें हजार मतदाता वर्ष बीच पुनरीक्षण दौरान हजार मतदाताओं नाम काटे इससे आठों विधानसभा निर्वाचन क्षेत्रों मतदाताओं संख्या लाख हजार थर्ड जेंडर छह मतदाता बार जुड़े इनमें दोदो कैंट विधानसभा तीन पिंडरा दक्षिणी विधानसभा क्षेत्र ज्यादा मतदाता कैंट विधानसभा बढ़े कम संख्या वाराणसी उत्तरी बढ़े नए वोटरों पुरुष मतदाता हजार महिला मतादाताओं संख्या हजार विधानसभा क्षेत्रों मतदान स्थलों संख्या सर्विस मतदाताओं संख्या महिलाओं संख्या विधानसभा मतदाता बढ़े मतदातापिंडरा अजगरा शिवपुर रोहनिया उत्तरी दक्षिणी कैंट सेवापुरी,2021-01-16
वेदव्यास मंदिर के निकट कुंड मिलीं 902 बुलेट,वाराणसी हिन्दुस्तान संवादकाशीपुरा कर्णघंटा मुहल्ले वेदव्यास मंदिर पास कुंड शुक्रवार डिब्बे बोरे इस्तेमाल बुलेट मिली खुदाई दौरान बुलेट मजदूर सन्न पुजारी विश्वनाथ सूचना सूचना सीओ दशाश्वमेध अवधेश पांडेय चौक पुलिस डिब्बे बंद बुलेट निकलवाया सीओ पुरानी गोली चलने बची बुलेट इससे खतरा मंदिर कुंड नवीनीकरण मजदूर खुदाई दौरान फावड़ा डिब्बे पड़ा उसमें गोली निकलने बात पुजारी पास थोड़ी खुदाई बोरी दिखी बाहर निकाला उसमें ढेर सारी बुलेट भरी पुलिस पहुंचने बुलेट निकलवाकर थाने जाया सीओ वजन किलोग्राम संख्या जांच लखनऊ भेजा लांग रेंज गन बुलेट लगती फायरिंग जुटाकर रखे होंगे बुलेटपहले फायरिंग बची बुलेट जुटाकर रखते बाजार बेजा जाता लाइसेंस जारी अनुमान पूर्व फायरिंग जुटायी गयी बुलेट इधर आया कुंड गिर चली गोली अगला हिस्सा यानी लक्ष्य लगने हिस्सा मिलता वही,2021-01-15
आठ घंटे धरने के बाद बीएनएसवाई के छात्रों की,वाराणसी प्रमुख संवाददाताबीएचयू आयुर्वेद संकाय बैचलर ऑफ नेचुरोपैथी एंड योगिक साइंस बीएनएसवाई छात्रों भत्ते मांग शुक्रवार सेंट्रल ऑफिस धरना मांग इंटर्नशिप अवधि छह महीने बढ़ा नौ महीने जाए करीब साढ़े आठ घंटे धरने बैठने मांगें मान ली गईं बीएनएसवाई अंतिम वर्ष छात्रछात्राओं हम अस्पताल नौ घंटे ड्यूटी ओपीडी मरीजों सेवा बावजूद भत्ता जाता जबकि एमबीबीएस बीएएमएस छात्रों हजार पांच सौ रुपये भत्ता जाता छात्रों धरने नेतृत्व डॉ अनूप सैनी तामिलनाडु हजार रुपये कर्नाटक दस हजार रुपये आंध्र प्रदेश हजार रुपये तथा पुणे इंडियन इंस्टीट्यूट ऑफ नेचुरोपैथी छात्रों आठ हजार रुपये महीने भत्ता जाता बीएनएसवाई सिलेबस बाल रोग आपात चिकित्सा शल्य चिकित्सा सर्जरी मानस रोग विवरण हम पढ़ाई वावजूद हमारी इंटर्नशिप पोस्टिंग लगाई जबकि नेचुरोपैथी मेडिकल कॉलेज डिपार्टमेंट इंटर्नशिप पोस्टिंग लगाई जाती हम लगातार महीने बिंदुओं बीएचयू प्रशासन ध्यान आकृष्ट कोशिश हमारी बात सुनी अंतत मजबूर होकर हमे धरना देने निर्णय पड़ा बीएनएसवाई छात्र सुबह दस बजे धरने बैठे आयुर्वेद संकाय डीन बीएचयू उच्चाधिकारियों बीच बैठक मांग सहमति बनने शाम साढ़े छह बजे धरना समाप्त छात्रों मांगआयुर्वेद संकाय डीन प्रो वीपी सिंह नियमानुसार इंटर्नशिप महीने छह महीने इंटर्नशिप संस्थान करनी पढ़ाई शेष छह महीने बाहर अस्पताल इंटर्नशिप करनी कोविड काल बच्चे बाहर कहां जाएंगे तीन महीने समय बढ़ाने मांग बिल्कुल जायज संबंध मैंने उच्चाधिकारियों बातचीत आश्वासन जनवरी संबंध लिखित आदेश जारी करके छात्रों मांग,2021-01-15
प्रदेश में गरीबों की सुनवाई  रघुनाथ चौधरी,वाराणसी कार्यालय संवाददाताबसपा प्रमुख मायावती वें जन्मदिन शुक्रवार आंबेडकर चौराहा पास शास्त्री घाट पार्टी सभा आयोजन कार्यकर्ताओं जन्मदिन जनकल्याणकारी दिवस रूप मनाते गरीबों गर्म कपड़े कंबल वितरण मुख्य अतिथि वाराणसी मंडल प्रभारी रघुनाथ चौधरी देश प्रदेश गरीबों सुनवाई बसपा शासन सर्वसमाज ध्यान रखा जाता रघुनाथ चौधरी पंचायत चुनाव विधानसभा चुनाव जीत तैयारी जुट हमारी जीत बसपा अध्यक्ष बड़ा तोहफा देवब्रत शर्मा किसानों मुद्दे सरकार चुप किसानों अनदेखी मौके जिलाध्यक्ष इंजी नवीन भारत अवनीश कुमार मुंशीराम सुमन मेराज फारुकी जुग्गन सुरेंद्र कुमार दीपचंद चौधरी मोहन राजभर संतोष अनल हर्ष राजभर अजय प्रताप सिंह सुजीत मौर्या लक्ष्मण राम एमपी अहिरवार सुधा चौरसिया दयाशंकर भारती राजबाबू अरविंद अबू बाकर,2021-01-15
"शिक्षकों को मिलेगा वित्तीय प्रबंधन प्रशिक्षण
",वाराणसी वरिष्ठ संवाददाताप्राइमरी जूनियर विद्यालयों शिक्षकों वित्तीय प्रबंधन प्रशिक्षण स्कूलों हेडमास्टर काम शिक्षकों शैक्षिक प्रशासकीय दायित्व निभाने वित्तीय प्रबंधन महत्वपूर्ण पिछले दिनों स्कूलों निरीक्षण पाया अधिकतर स्कूलों वित्त सम्बन्धी अभिलेखों रखरखाव सही ढंग इससे अनुदानों दुरुपयोग आशंका इसको प्रथम चरण हेडमास्टरों वित्तीय मामलों प्रशिक्षण देने निर्देश राज्य मुख्यालय दिशा पहल जिला प्रशासन निर्देश फिलहाल लगभग विद्यालयों कार्यरत समस्त प्रधान अध्यापकों ऑनलाइन वित्तीय प्रशिक्षण सिलसिले बेसिक शिक्षा यूट्यूब चैनल वित्त लेखाधिकारी तैयार वीडियो अपलोड शिक्षकों गुगल मीट जोड़ा शिक्षकों प्रशिक्षित जिम्मेदारी वित्त लेखाधिकारी कार्यालय वित्त लेखाधिकारी अनूप मिश्र वित्तीय अभिलेखों रोकड़बही लेजर रखरखाव विद्यालयों नियमानुसार जिससे वित्तीय अनुशासन बनाए रखने ऑडिट गंभीर समस्याएं भविष्य वित्तीय अनियमितता आशंका ऐसी स्थिति वित्त लेखाधिकारी कार्यालय बेसिक शिक्षा विभाग जनपद वित्तीय नियमों जागरूकता प्रशिक्षण निर्णय प्रशिक्षण मुख्यत वित्तीय अभिलेखों रखरखाव बजट संबंधी नियमों पालन जोर,2021-01-15
वाराणसी में मंदिर के पास मिले सैकड़ों बुलेट जांच में जुटी पुलिस,वाराणसी काशीपुरा कर्णघंटा मुहल्ले स्थित वेदव्यास मंदिर पास कुंड शुक्रवार डिब्बे बोरे भर रखे सैकड़ों बुलेट मिले खुदाई दौरान मिले बुलेट मजदूर सन्न पुजारी विश्वनाथ सूचना सूचना सीओ दशाश्वमेध अवधेश पांडेय चौक पुलिस डिब्बे बंद बुलेट निकलवाया सीओ पुरानी गोली चलने बची बुलेट इससे खतरा मंदिर कुंड नवीनीकरण कार्य तहत मजदूर खुदाई दौरान फावड़ा डिब्बे पड़ा उसमें गोली निकलने बात पुजारी पास थोड़ी खुदाई बोरी दिखी बाहर निकाला उसमें ढेर बुलेट पुलिस पहुंचने बुलेट निकलवाकर थाने जाया सीओ वजन किलोग्राम संख्या जांच लखनऊ भेजा फायरिंग जुटाकर रखे होंगे बुलेटसीओ फायरिंग मिले बुलेट जुटाकर रखते बाजार बेचा जाता लाइसेंस जारी अनुमान पूर्व फायरिंग जुटाये बुलेट इधर आया कुंड गिर चली गोली अगला हिस्सा यानी लक्ष्य लगने हिस्सा मिलता हिस्सा,2021-01-15
धान खरीद  सरकार की सख्ती के बाद भी नहीं लग सकी बिचौलियों पर रोक,प्रदेश सरकार सख्ती बावजूद धान क्रय केंद्रों बिचौलियों राज गुरुवार मिर्जापुर मड़िहान फर्जी कागजों जरिये धान खरीद मामले पुष्ट इससे बरेली कानपुर सिद्धार्थनगर कुशीनगर प्रयागराज सीतापुर मामले सामने चुके किसान आरोप लगाते सरकार मंशा बावजूद केंद्र प्रभारी स्थानीय अधिकारी ठेकेदार मालिक मिलकर हक मार हाल घटनाओं किसानों आरोपों सही साबित मिर्जापुर मड़िहान गुरुवार नए घोटाले खुलासा एसडीएम जांच पता चला फर्जी किसान बनकर संतनगर केंद्र किसानों नाम धान खरीद मामला सामने आने बिचौलियों खिलाफ केस दर्ज कुशीनगर जिले क्रय केंद्रों किसान कुंतल धान खरीद जिसके पास खेती जमीन सिद्धार्थनगर डुमरियागंज कुंतल धान फर्जी खतौनी खरीदने मामला सामने आया घपले लोगों केस दर्ज बरेली मंडल एफआईआर दर्ज किए चुके बदायूं एसएफसी जिला प्रबंधक शासन निलंबित कानपुर नगर धान खरीदने आरोप घाटमपुर केंद्र प्रभारी सस्पेंड चित्रकूट हरदोई कानपुर देहात उन्नाव मामले सामने चुके प्रयागराज बिचौलियों खिलाफ अलगअलग थानों मुकदमा दर्ज करवाया चुका क्रय केंद्रों धान खरीद शिकायतें आई सोनभद्र कानपुर केंद्र तौल परेशान किसान धान आग लगा दावाः लक्ष्य ज्यादा खरीदधान खरीद वर्ष लाख मीट्रिक टन धान खरीदा चुका जबकि लक्ष्य लाख मीट्रिक टन पूर्वी उत्तर प्रदेश फरवरी खरीद होनी तहत किसानों धान खरीद निगरानीः अबतक कार्रवाईधान खरीद वाली गड़बड़ियों राज्य कार्रवाई चुकी केन्द्र प्रभारियों व्यक्तियों समेत एफआईआर दर्ज कराई चुकी लोगों निलम्बन धान खरीद गड़बड़ी कारण चुका इनमें दोदो सम्भागीय खाद्य नियंत्रक जिला खाद्य विपणन अधिकारी जिला प्रबन्धकपीसीयू जिला प्रबन्धकएसएफसी मण्डी सचिव केन्द्र प्रभारियों निलम्बित चुका विभागीय कार्रवाई केन्द्र प्रभारियों खिलाफ प्रतिकूल प्रविष्टि केन्द्र प्रभारियों चेतावनी कर्मचारियों खिलाफ बताओ नोटिस जारी अलावा मिलरठेकेदार नोटिस लाइसेन्स निलम्बन पांच कर्मचारियों जेल भेजा चुका,2021-01-15
वाराणसी में एक दिन की थानाध्यक्ष बनी 10वीं की छात्रा पर चाकू से हमला,वाराणसी मंडुवाडीह थाने दिन थानाध्यक्ष दसवीं छात्रा जीविका सिंह ऊपर शुक्रवार अज्ञात महिला चाकू धारदार हथियार हमला घायल मामले जानकारी पुलिस जंच पड़ताल जुट विश् बालिका दिवस मौके दसवीं छात्रा मंडुवाडीह दिन थानाध् यक्ष बनाया छात्रा अनुसार स्कूल मड़ौली तभी घूंघट महिला सड़क रोक सिर घुमाने लगी इतने छात्रा क्या पूछने नुकीली चीज हमला करके कार भाग परिजनों अनुसार छात्रा कलाई गहरी चोट आई फिलहाल पिता निजी चिकित्सालय छात्रा इलाज छात्रा अनुसार थाने महज दूरी घटना मंडुवाडीह थाना क्षेत्र मड़ौली गांव वाली कक्षा छात्रा विश्व बालिका दिवस मौके दिन मंडुआडीह थानाप्रभारी चार्ज विश्व बालिका दिवस मौके आयोजित कार्यक्रम मंडुआडीह थाने पहुंचकर छात्रा तत्कालीन थानाध्यक्ष दिन चार्ज लेते थाना परिसर निरीक्षण दौरान थाने आए फरियादियों प्रार्थना पत्र पढ़कर तत्काल त्वरित कार्रवाई आदेश सुनवायी दौरान लहरतारा क्षेत्र पुस्तैनी मकान विवाद सामने आया दिन थाना प्रभारी दोनों पक्षों सुलह समझौता कराकर वापस भेज छात्रा क्षेत्र काफी चर्चा मंडुवाडीह थाना प्रभारी राजेश त्रिपाठी मामले तफ्तीश सीसीटीवी फुटेज खंगाले घटना पीछे कारणों जल्द पता लगा तहरीर तहरीर आधार विधिक कार्रवाई,2021-01-15
काशी में विश्वनाथ दरबार से राम मंदिर निधि संग्रह अभियान का शुभारंभ ,अयोध्या रामलला भव्य मंदिर निर्माण निधि संग्रह अभियान शुरुआत शुक्रवार काशी बाबा विश्वनाथ दरबार विहिप कार्यकर्ताओं भगवान राम आराध्य श्री विश्वेश्वर निधि संग्रह अभियान पहली रसीद अर्पित नगर पहली महिला नगर प्रमुख मृदुला जायसवाल मंदिर दान स्वीकार मेयर लाख हजार रुपये दान मंदिर शुक्रवार सुबह विहिप कार्यकर्ता श्री काशी विश्वनाथ मंदिर विधिविधान पूजा बाबा निधि संग्रह अभियान पहली रसीद अर्पित हरहर महादेव जयकारे परिसर गूंज उठा भारतीय संत समिति दिनों विहिप साधु संत देश भर करोड़ हिंदू परिवार धनसंग्रह संपर्क भारतीय संत समिति राष्ट्रीय महामंत्री स्वामी जितेंद्रानंद सरस्वती अयोध्या भूमि बनने राम मंदिर सरकारी पैसे बजाय दान पैसे बनेगा अखिल भारतीय संत समिति विश्व हिंदू परिषद मकर संक्रांति माघी पूर्णिमा देशव्यापी धन संग्रह अभियान चलाएगा राष्ट्रीय महामंत्री राम मंदिर निर्माण धन संग्रह आयोजन धर्म दृष्टि बड़ा आयोजन संत समिति प्रयास अभियान गिनीज बुक ऑफ वर्ल्ड रिकॉर्ड दर्ज जाए संतों विश्व हिंदू परिषद लाख अधिक अभियान शहर गांव जाएंगे दिनों करोड़ परिवार करोड़ हिंदुओं अभियान जोड़ा धन संग्रह आयोजन श्रीराम जन्मभूमि तीर्थ क्षेत्र ट्रस्ट तैयारी रखी रुपये बारकोड कूपन छपवाए बड़ी धनराशि रसीद इंतजाम,2021-01-15
पहले दिन 31700 मेडिकल स्टाफ को लगेगा लगेगी कोरोना वैक्सीन,यूपी देशभर शनिवार कोरोना टीकाकरण अभियान उत्तर प्रदेश दिन स्वास्थ्यकर्मियों टीके लगाए जाएंगे सुबह नौ बजे टीकाकरण शुरुआत प्रदेश केंद्र सौसौ स्वास्थ्यकर्मियों टीके लगेंगे डॉक्टर पैरामेडिकल स्टाफ शामिल दौरान पीएम नरेंद्र मोदी टीका लगवाने लोगों वीडियो कॉन्फ्रेंसिंग वार्ता वाराणसी झांसी अस्पतालों पीएम मोदी संवाद तैयारी स्वास्थ्य मंत्री जय प्रताप सिंह शुक्रवार लोक भवन मीडिया सेंटर आयोजित पत्रकार वार्ता प्रदेश तीन दिन लाख वैक्सीन चुकी हजार वैक्सीन मिली मंत्री कोविशील्ड लाख डोज कोवैक्सीन हजार डोज मिली मंत्री टीकाकरण प्रदेश आम खास मतलब चाहे प्रभावशाली हम टीकाकरण निर्धारित चरणों अनुसार वैक्सीन लगाएंगे चरण स्वास्थ्यकर्मियों चरण फ्रंटलाइन वर्कर तीसरे चरण वर्ष अधिक आयु लोगों वर्ष कम आयु लोगों गंभीर बीमारी पीड़ित टीका लगाया तीन दिन टीकाकरण अभियान हमारा लक्ष्य जगह लोगों लाभ जय प्रताप सिंह चरण नौ लाख स्वास्थ्यकर्मियों वैक्सीन लगाई जानी तीन दिन तैयारी उत्तर प्रदेश टीकाकरण केंद्रों दिन केंद्रों टीकाकरण बड़े शहरों जरूरत अनुसार संख्या बढ़ाई सकती सरकारी प्राइवेट अस्पतालों नौ लाख स्वास्थ्य कर्मियों तीन दिन टीका तैयारी हफ्ते दिन सोमवार शुक्रवार वैक्सीन तैयारी सीसीटीवी कैमरे निगरानी वैक्सीन रखा केंद्र वैक्सीनेटर पुलिसकर्मियों सहित पांच कर्मचारियों तैनात टीकाकरण तीन सत्र होंगे टीकाकरण केंद्र तीन कमरे होंगे पहला प्रतीक्षा कक्षा दूसरा टीकाकरण कक्ष तीसरा निगरानी कक्ष वैक्सीन लगने लाभार्थी आधा घंटे निगरानी कक्ष बैठाया टीकाकरण केंद्र वैक्सीन कैरियर प्रत्येक चार कंडीशनिंग आइसपैक लाभार्थियों संख्या अनुसार वैक्सीन एडी सिरिंज हब कटर वायल ओपनर एनाफाइलेक्सिस किट मौजूद पीएम मोदी वाराणसी झांसी लाभार्थी वार्तादेश टीकाकरण शुभारंभ पीएम नरेंद्र मोदी शनिवार दौरान वर्चुअल माध्यम वाराणसी जिला महिला अस्पताल झांसी एमएलबी मेडिकल कॉलेज मौजूद लाभार्थियों संवाद,2021-01-15
कोरोना  जिला महिला अस्पताल में लगेगा पहला टीका,वाराणसी कार्यालय संवाददाताकोरोना पहला टीका जिला महिला अस्पताल चतुर्थ श्रेणी स्वास्थ्यकर्मी लगेगा विभाग शुक्रवार पहला टीका लगवाने कर्मचारी नाम घोषणा प्रधानमंत्री नरेन्द्र मोदी जिले टीकाकरण लाभार्थी संवाद अलावा वैक्सीनेशन प्रथम चरण कार्यक्रम बदलाव बजाय सिर्फ छह केंद्रों प्रत्येक केंद्र स्वास्थ्यकर्मियों टीकाकरण नई व्यवस्था राजकीय महिला अस्पतालकबीरचौरा जिला अस्पताल ´पांडेयपुर हेरीटेज मेडिकल कॉलेज Üð·भदवर सामुदायिक स्वास्थ्य केंद्र विद्यापीठ ब्लाक सामुदायिक स्वास्थ्य केंद्र सेवापुरी सुबह बजे शाम बजे टीकाकरण चलेगा प्रत्येक केंद्र काम मजिस्ट्रेट निगरानी स्वास्थ्य विभाग तैयारी जुटा बारे सीएमओ डॉ वीबी सिंह हम लोगों केंद्रों टीका प्लान शासन निर्देश बदलाव केंद्रों टीका लगेगा हम लोगों तैयारी छह सौ स्वास्थ्यकर्मियों आज भेजेंगे मैसेजपहले दिन टीकाकरण शामिल जिले छह सौ स्वास्थकर्मियों शुक्रवार मोबाइल मैसेज भेजा केंद्र पहुंचेंगे मैसेज टीकाकरण केंद्र नाम नाम समय तारीख लिखा रहता पढ़कर अपनेअपने टीकाकरण केंद्र पहुंचेंगे टीका लगाया टीका लगने ऑटोमेटिक लाभार्थियों मैसेज चला जाता दिन दूसरा डोज लगाया जाता कोल्ड चेन प्वाइंट आज वैक्सीनडिस्ट्रिक्ट कोल्ड चेन प्वाइंट शुक्रवार पुलिस सुरक्षा डिस्ट्रिक्ट कोल्ड स्टोरेज सेंटर वैक्सीन तैयारी ली स्वास्थ्य विभाग तैयारी केंद्रों जगह कारण दायरा सीमित कोल्ड चेन प्वाइंट वैक्सीन शनिवार सुबह बजे टीकाकरण केंद्र प्रधानमंत्री संवाद तैयारी तेजमहिला अस्पताल प्रधानमंत्री नरेंद्र मोदी लाभार्थी संवाद स्वास्थ्य विभाग तैयारी जुटा महिला अस्पताल एलईडी स्क्रीन सीसीटीवी कैमरे इंटरनेट कनेक्टिविटी सहित व्यवस्था,2021-01-15
भारत की कई प्राचीन बूटियों पर चीन का कब्जा,वाराणसी अरविंद मिश्रआयुर्वेद थाती माने पांच हिमालयन प्लांट चीन धीरेधीरे कब्जा जमाता पांच औषधीय पौधों रोडेला रोजिया वैज्ञानिक नाम वाली बूटी इस्तेमाल चीन दवाएं तैयार पेटेंट कराता बीएचयू वैज्ञानिकों बात चिंता सता आने दिनों चीन पौधे संपत्ति बना दरअसल बूटी शरीर ऑक्सीजन संयोजन डिप्रेशन कम सहायक चार औषधियों चीन कब्जा जमाता उनमें साइलेसिया ओबलॉंगा भारतीय नाम सप्तरंगी सप्तचक्र बर्बेरिश अरिस्टाटा भारतीय नाम दारुहरिद्रा रेनवाडिका इंडिका भारतीय नाम बसंती हिपोफी भारतीय नाम अम्लवेतस संजीवनी बूटी कहे रोडेला रोजिया उल्लेख आयुर्वेद शक्तिशाली इम्यूनिटी बूस्टर रूप पौधे तैयार औषधियां बीमारियों कारकर बीएचयू आयुर्वेद विभाग डिस्टिंग्विस्टड प्रो जीपी दुबे अनुसार रोडेला रोजिया उपयोग शरीर तापमान अनुकूलक ऑक्सीजन संयोजक एंटी रेडियेशन एंटी डिप्रेशन रूप जाता संजीवनी दारुहरिद्रा बसंती सप्तरंगी अम्लवेतस सर्वाधिक उपज चीन कब्जे भारत हेक्टेयर भूमि बीएचयू पौधों अध्ययनबीएचयू आयुर्वेद संकाय पौधों वर्ष अध्ययन शुरुआत साइलेसिया ओबलॉंगा डॉ केएन उडुप्पा चिह्नित बीएचयू उपयोग टाइपटू डायबिटीज उपचार औषधि तैयार उसका प्रकाशन फार्मेकोलॉजिकल जरनल बीएचयू उसका पेटेंट हासिल कालांतर रोगों उपचार इसपर शोध चलता दूसरा पेटेंट हासिल सका जबकि चीन इस्तेमाल तैयार दवाओं पेटेंट दारुहरिद्रा बूते चीन महिला वैज्ञानिक नोबेलबर्बेरिश अरिस्टाटा दारुहरिद्रा उपयोग चीन महिला वैज्ञानिक मलेरिया दवा बनाकर तीन वर्ष नोबेल पुरस्कार प्राप्त नोबेल पाने वाली प्रो तूयूयू बीजिंग पेकिंग विश्वविद्यालय हेल्थ साइंस सेंटर प्रभारी औषधि सिर्फ मलेरिया दवा बनाकर चीन करोड़ों डॉलर कमा दारुहरिद्रा जड़ें एंटीसेप्टिक रूप इस्तेमाल जाती पत्तियां पुष्प न्यूरो किडनी संबंधी रोगों उपचार,2021-01-15
सात योग वाली मकर संक्रांति पर गंगा स्नान को उमड़े आस्थावान,वाराणसी प्रमुख संवाददाताकड़ाके ठंड बावजूद सात योगों वाली दुर्लभ मकर संक्रांति हजारों आस्थावानों गंगा स्नान पुण्य लाभ अमृत सिद्धि सर्वार्थ सिद्धि मंगलाश्विनी अमृतसिद्धि योग शोभन योग बुद्धादित्य योग राजप्रद योग युक्त संक्रांति स्नान गुरुवार ब्रह्म मुहूर्त काशी प्रमुख घाटों लोगों रेला दिखाई पड़ने लगा स्नान पर्व दशाश्वमेध घाट गंगा स्नान विशेष महात्म्य भीड़ सर्वाधिक दबाब दशाश्वमेध घाट भोर चार बजे दोपहर बजे स्नानार्थियों भीड़ अहिल्याबाई घाट डॉ राजेंद्र प्रसाद घाट भीड़ एकाकार स्नानार्थियों सुरक्षा जल बैरिकेडिंग बैरिकेडिंग बाहर एनडीआरफ जवान तैनात एनडीआरफ तीन गश्ती दल लगातार चक्कर लगाते दशाश्वमेघ घाट सीढ़ियों चितरंजन पार्क दान लेने कतार इनमें साधु संतों अधिक भिखारी बच्चे सक्रिय दिखे भीड़ दबाव दक्षिण अस्सी घाट उत्तर भैसासुर घाट दिखा दशाश्वमेध क्षेत्र डेढ़सीपुल स्थित खिचड़िया बाबा मंदिर पांच मन खिचड़ी भोग लगा वितरित जमकर पतंगबाजी लुत्फमकर संक्रांति पतंगबाजी दौर पूरे दिन चला पक्के महाल लगायत कॉलोनियों भवनों छतों घाट किनारे गंगा पार पतंगबाजी टोलियां थीं गीत संगीत पिकनिकपार्टी बीच लोगों परंपरागत खेलों आनंद पीएम मोदी गृहमंत्री अमित शाह चित्रों वाली पतंगें जिनपर जोड़ी नंबर वन लिखा खूब लहराई युवतियां पतंगबाजी पीछे रहीं भक्काटे शोर युवकों युवतियों मिश्रित स्वर गूंज पक्के महाल छतों बाकायदा रनिंग कमेंट्री पतंगबाजी सिलसिला अंधेरा चला,2021-01-15
25 से 30 जनवरी तक छपरा इंटरसिटी रद,वाराणसी कार्यालय संवाददाताबलियाफेफना दोहरीकरण जनवरी ब्लॉक कारण छपरावाराणसीछपरा सिटी विशेष गाड़ी जनवरी निरस्त अलावा आनंद विहार टर्मिनस बलिया चलने वाली ट्रेन जनवरी औड़िहार रुकेगी ट्रेन नंबर अगले दिन तथा जनवरी औड़िहार बनकर चलेगी जनवरी चलने वाली ट्रेन दरभंगाअहमदाबाद जनवरी चलने वाली ट्रेन अमृतसरजयनगर मऊभटनीछपरा रास्ते चलेगी जनवरी ट्रेन सूरतछपरा जनवरी चलने वाली ट्रेन आनन्द विहार टर्मिनसरक्सौल जनवरी चलने वाली आनन्द विहार टर्मिनसरक्सौल जनवरी चलने वाली आनन्द विहार टर्मिनसरक्सौल औड़िहारभटनीछपरा रास्ते चलायी जायेगी दुर्ग जनवरी चलने वाली दुर्गछपरा रास्ते आएगी अलावा ट्रेन सूरतछपरा विशेष गाड़ी जनवरी मिनट ट्रेन सूरतछपरा विशेष गाड़ी जनवरी मिनट रोककर चलाई,2021-01-15
ठंड लगने से हुई राष्ट्रीय पक्षी की मौत,रामेश्वर वाराणसी हिन्दुस्तान संवाददीनदासपुर पटेल बस्ती पास बगीचे गुरुवार सुबह राष्ट्रीय पक्षी मोर मरा पाया इससे बर्ड फ्लू आशंका घिरे ग्रामीणों हड़कंप मचा मौके वन विभाग टीम मोर पोस्टमार्टम भेज देर रात आई पोस्टमार्टम रिपोर्ट ठंड मोर मौत खुलासा जानकारी अनुसार गांव दिनेश कुमार विश्वकर्मा बगीचे लौट दौरान नजर मोर पड़ी पास जाकर मर चुका खबर जंगल आग फैल आसपास गांव बड़ी संख्या ग्रामीण एकत्र ग्रामीण बर्ड फ्लू आशंका डरे सहमे सूचना वन विभाग मौके वन क्षेत्राधिकारी नीरज श्रीवास्तव मोर जक्खिनी स्थित राजकीय पशु चिकित्सालय पोस्टमार्टम भेज,2021-01-15
जान जोखिम में डालकर पतंगबाजी,वाराणसी कार्यालय संवाददातामकर संक्रांति दिन पतंगबाजों जान परवाह उधर रेलवे महकमा निश्चिंत अंधरापुल चौकाघाट बीच रेलवे ट्रैक ट्रेनों आनेजाने दौरान पतंगबाज दिन भर दौड़ते संयोग हादसा दौरान रेलवे सुरक्षा एहतियाती कदम उठाये जबकि ट्रैक लोगों दौड़ते ट्रेनों लोको पायलट खुद गति कम दौरान कॉशन ट्रेनें चलाकर कैंट स्टेशन पहुंचीं कैंट धीमी गति ट्रेन निकलती रहीं,2021-01-15
बर्ड फ्लू के संदेह में चूजों की कीमत में 50 फीसदी गिरावट,वाराणसी कार्यालय संवाददाताबर्ड फ्लू चूजों कोराबारियों असर पड़ा चूजे कीमत काफी गिरवाटी आई रुपए चूजा बिकता महज दिन रेट घटकर रुपए बनारस महीने करीब पांच छह लाख चूजे बिकते यानी महीने जिले करीब तीन करोड़ रुपए कारोबार चूजा करीब दिन तैयार जाता उसका वजन ग्राम जिले सैकड़ों चूजे कारोबार बर्ड फ्लू संदेह चलते बड़ा झटका लगा पोल्ट्री फार्म समिति अध्यक्ष अजय खरे बर्ड फ्लू संदेह लागतार दाम गिरवाट कोरोना काल बाजार बार पीक उम्मीद कोरोबार ठीक बाजार सप्लाई चूजे तैयार बर्ड फ्लू आशंका कारोबार बार बैठ कारोबार फीसदी गिरवाट आई मुर्गे कारोबार गिराबर्ड फ्लू आशंका मुर्गे कारोबार झटका लगा अमूमन रुपये किलो बिकता घटकर रुपए जगह रुपए किलो मुर्गा बिक थोक कीमत रुपए रुपये पोल्ट्री फार्म समिति अध्यक्ष अजय खरे बनारस बर्ड फ्लू पुष्टि हम एहतियात बरतते लगातार डिमांड कमी उन्होने मुर्गे कारोबार करीब फीसदी कमी,2021-01-15
चाइनीज मंझे के खिलाफ पुलिस का सर्च ऑपरेशन,वाराणसी प्रमुख संवाददातामौत डोर रूप लोगों डराने चाइनीज मंझे उपयोग बिक्री खिलाफ गुरुवार पुलिस सर्च ऑपरेशन चलाया मंडलीय अस्पताल कबीरचौरा छत चाइनीज मंझे पतंगबाजी आधा दर्जन युवकों पुलिस चालान गुरुवार पूर्वाह्न मरीजों तीमारदार अस्पताल परिसर स्थित पुलिस चौकी सारे अस्पताल वार्ड छत चढ़ धमाचौकड़ी मचा शिकायत तत्काल कार्रवाई चौकी इंचार्ज प्रीतम तिवारी सिपाहियों छत पुलिस युवक दूसरी तरफ वाली सीढ़ी भाग पुलिस सामने पड़े छह युवक भाग पाए पुलिस पास मौजूद चाइनीज मंझा जब्त चालान काटने पुलिस युवकों दुकान बारे पूछताछ मंझा खरीदा युवकों निशानदेही पुलिस लोहटिया स्थित पतंग विक्रेता दुकान जांच चाइनीज मंझा कड़ाई पूछने कुबूल दिनों चाइनीज मंझा बेच प्रशासन कड़ाई बेचना बंद,2021-01-15
दुष्कर्म में असफल युवक ने महिला पर किया हमला,वाराणसी हिन्दुस्तान संवादचांदपुर सनसनीखेज मामला प्रकाश आया दुराचार असफल युवक महिला सिर वार मरा समझकर कान बाली नोच ली रखे भूसे ढेर ढककर भागने लगा दौरान महिला बेटा शोरमचाने लगा महिला लोगों सहयोग भूसे निकालकर अस्पताल पहुंचाया हालत गंभीर आरोपित युवक रिश्ते महिला भतीजा लगता महिला अकेली तभी रिश्ते भतीजा लगने पटीदार पुत्र प्रद्युम्न यादव चहारदीवारी फांद महिला मुंह दबाकर दुष्कर्म कोशिश लगा महिला विरोध गला दबाकर वस्तु सिर प्रहार महिला बेहोश मरा समझकर कान बाली नोंचकर कमरे रखे भूसे ढकने कोशिश लगा समय महिला पुत्र शोर मचाने प्रद्युम्न भाग मंडुवाडीह थाना प्रभारी परशुराम त्रिपाठी युवक केस दर्ज तलाश तीन लोगों हिरासत आरोप महिला घरवालों शिकायत दबाव डाल,2021-01-15
डीआरआई ने ढाई करोड़ के गांजे के साथ दो तस्कर पकड़े,वाराणसी कार्यालय संवाददाताडीआरआई यानी राजस्व आसूचना निदेशालय वाराणसी इकाई गांजा बड़ी खेप पकड़ी जनवरी रात डाफी टोल प्लाजा कंटेनर कुंतल गांजा बरामद कीमत करीब ढाई करोड़ रुपये आंकी डीआरआई तस्करों पकड़ा जिनसे पूछताछ पकड़े दोनों तस्कर मुरादाबाद मूंढापांडे कासिम जमशेदपुर परसोडीह रवि गांजा आंध्र प्रदेश भद्राचलम ट्रक स्पेशल कैविटी छिपा रखा कैविटी छोटी खिड़की आकार जगह चालक केबिन खुलती पकड़े दोनों तस्करों मास्टरमाइंड दाहिना हाथ डीआरआई अधिकारियों गांजा जौनपुर सतहरिया इंडस्ट्रियल एरिया पास जाया गांजा सतहरिया इंडस्ट्रियल एरिया कहीं उतार गोदाम रखा जाता सप्लायर दिल्ली हरियाणा भेजते डीआरआई वाराणसी टीम दिन बड़ी मात्रा गांजा पकड़ा जनवरी शाम राजातालाब कुंतल गांजा बरामद कीमत करीब पौने छह करोड़ रुपये,2021-01-15
"काशी विद्यापीठ में 150 छात्रों ने दिया प्रवेश निरस्त करने का आवेदन
",वाराणसी वरिष्ठ संवाददातामहात्मा गांधी काशी विद्यापीठ सत्र विभिन्न पाठ्यक्रमों दाखिला लेने करीब छात्रछात्राओं प्रवेश निरस्त आवेदन दिसंबर जनवरी काउंसिलिंग दाखिला कहीं प्रवेश इसलिए प्रवेश निरस्त कराना चाहते प्रवेश निरस्त शुल्क वापसी मांग वापसी विश्वविद्यालय प्रशासन इनके आवेदनों विचार यूजीसी मामलों फीस वापसी निर्देश शर्तें लगाई विश्वविद्यालय प्रशासन प्रवेश फीस जमा दस्तावेज जमा परीक्षण प्रवेश निरस्त ऑनलाइन फीस वापसी कुलसचिव डासाहब लाल मौर्य उचित प्रक्रिया पालन फीस वापस रिक्त सीटों भरने विश्वविद्यालय बारबार मेरिट निकालनी पड़ प्रत्येक पाठ्यक्रम ऐसी स्थिति कोर्सों निकालने तैयारी वजह प्रवेश प्रक्रिया समाप्त नाम लक्ष्य दिसंबर प्रवेश समाप्त धीरेधीरे आधी जनवरी बीतने,2021-01-15
सारनाथ के आशीष ने पटना एम्स में ली दूसरी डोज ,वाराणसी कार्यालय संवाददातासारनाथ निवासी वर्षीय आशीष वर्मा गुरुवार सुबह करीब बजे अखिल भारतीय आयुर्विज्ञान संस्थान एम्स पटना कोरोना वैक्सीन दूसरी डोज लगी पिछले महीने पहली डोज ट्रायल टीका लगवाने बनारस युवक भारतीय चिकित्सा अनुसंधान परिषद आईसीएमआर भारत बायोटेक तैयार कोरोना वैक्सीन मानव परीक्षण दौरान पहला डोज लेने दिसंबर पटना दिन गुरुवार कार पटना एम्स डॉक्टरों मिले कोरोना वैक्सीन दूसरा डोज लगाया टीका लगवाने आशीष दोस्तों आशीष मुझे गर्व कोरोना महामारी समय मैंने वैक्सीन खुद ट्रॉयल,2021-01-15
दृष्टि लुप्त हुई है लोक विद्या नहीं,वाराणसी वरिष्ठ संवाददातालोकविद्याविद डॉ राजेन्द्र रंजन चतुर्वेदी भारत लोक विधाएं लुप्त बल्कि दृष्टि लुप्त लोकवार्ताएं विविध रूपों सामान्य जन साझे सामाजिक अनुभवों अभिव्यक्तियां सौंदर्य अनुभवों सच्चाई अभिव्यक्ति सादगी निहित पं विद्यानिवास मिश्र लोक फोक स्टडी पश्चिमी परंपरा अलग स्वरूप प्रदान डॉ चतुर्वेदी गुरुवार महात्मा गांधी अंतरराष्ट्रीय हिंदी विश्वविद्यालय वर्धा विद्याश्री न्यास आयोजित भारत भाषाचिंतन परंपराएं विषय तीन दिवसीय वेबिनार अंतिम दिन गुरुवार विद्यानिवास मिश्र स्मृति व्याख्यान अध्यक्षीय वक्तव्य वरिष्ठ पत्रकार माखनलाल चतुर्वेदी पत्रकारिता विश्वविद्यालय भोपाल पूर्व कुलपति अच्युतानंद मिश्र पं विद्यानिवास मिश्र लोक विचरण लोक जीवित रहते सब लोक संस्मरण लोक जीवन प्रधानता निरूपित शास्त्र लोक दोनों विद्वान विशिष्ट आतिथि डॉ नर्मदा प्रसाद विद्यानिवास मिश्र कला बारिकियों भली भांति परिचित हिंदी विश्वविद्यालय वर्धा पूर्व कुलपति प्रो गिरीश्वर मिश्र तीन दिवसीय संगोष्ठी विभिन्न अकादमिक सत्रों उपलब्धियों चर्चा अंत काव्य गोष्ठी आयोजन प्रसिद्ध गीतकर बुद्धिनाथ मिश्र सान्निध्य रमेश चंद्र शाह अध्यक्षता काव्य गोष्ठी संपन्न हरिराम द्विवेदी मां लिखी कविता शुरुआत गिरिधर करुण रवींद्र श्रीवास्तव जुगानी भाई अशोक द्विवेदी आनंद संधिदूत अनिरुद्ध त्रिपाठी अशेष अशोक सिंह वशिष्ठ अनूप श्याम सुंदर दुबे मंजुला चतुर्वेदी सुरेंद्र वाजपेयी शिव कुमार पराग हिमांशु उपाध्याय ओम धीरज जितेन्द्र नाथ मिश्र सरोज पांडे आरती स्मिथ वासुदेव ओबेरॉय जगदीश पंथी अशोक सिंह घायल कवियों काव्य पाठ सत्र संयोजन संचालन प्रकाश उदय,2021-01-15
पीएमएवाई में 58 अपात्रों को आवंटित कर दिया फ्लैट,वाराणसी वरिष्ठ संवाददाताप्रधानमंत्री शहरी आवास योजना लाभ दिलाने नाम विभाग बड़ी लापरवाही सामने आयी योजना तहत अपात्रों फ्लैट आवंटित दिए लाभार्थियों सत्यापन डूडा जरिए वीडीए भुगतान दोबारा सत्यापन मामला खुला प्राधिकरण आवंटन निरस्त तैयारी फ्लैटों दोबारा आवंटन पीएमएवाई तहत शहरी गरीबों आवास देने डूडा आवेदन मांगे मानक अनुसार जिनके पास जमीन छत आवेदक योजना लाभ सरकारी संस्था जुड़ाव आवेदनों सत्यापन डूडा हजार लाभार्थियों नाम आवास आवंटन विकास प्राधिकरण भेजा प्राधिकरण पिछले वर्ष जनवरी दासेपुर निर्माणाधीन पीएमएवाई प्रोजेक्ट आवासों आवंटन लॉटरी प्रक्रिया अपनायी आवास आवंटित प्राधिकरण किस्त लेने लाभार्थियों सत्यापन इनमें अपात्र मिले प्राधिकरण उपाध्यक्ष राहुल पांडेय लाभार्थियों नाम पता मिलान आवेदन पाया फ्लैट लेने इच्छा जतायी लाभार्थियों मानक विपरीत मिले आवंटन निरस्त दोबारा आवंटन डूडा लाभार्थियों सूची मांगी गयी,2021-01-15
